ts,cpu_percent,mem_mb
1790538112.642687,3.1,180.01
1790538113.6580112,4.7,180.02
1790538114.6729445,3.1,180.03
1790538115.685536,3.1,180.04
1790538116.70188,3.1,180.04
1790538117.7188823,3.1,180.05
1790538118.7339761,3.1,180.06
1790538119.7469933,1.6,180.07
1790538120.7640104,0.0,180.04
1790538121.7845953,1.6,180.03
1790538122.7995176,3.1,180.03
1790538123.816618,3.1,180.04
1790538124.833126,1.6,180.04
1790538125.851552,10.9,180.04
1790538126.8718476,3.1,181.85
1790538127.8902292,3.1,181.70
1790538128.9052262,7.8,181.71
1790538129.9199266,4.7,181.74
1790538130.936009,1.6,181.75
1790538131.9534054,4.7,181.77
1790538132.9732242,4.7,181.79
1790538133.9894736,1.6,181.80
1790538135.0048735,4.7,181.82
1790538136.022932,3.1,181.86
1790538137.0416229,3.1,182.01
1790538138.0606263,4.7,182.10
1790538139.0813704,3.1,182.11
1790538140.09759,3.1,182.15
1790538141.1125371,1.6,182.15
1790538142.127566,3.1,182.24
1790538143.1486235,4.7,182.24
1790538144.1678486,3.1,182.18
1790538145.186151,3.1,182.25
1790538146.2023616,6.2,182.25
1790538147.2211485,3.1,182.45
1790538148.237295,3.1,182.50
1790538149.253056,6.2,182.50
1790538150.269801,3.1,182.57
1790538151.284524,1.6,182.59
1790538152.3018918,3.1,182.65
1790538153.320238,3.1,182.64
1790538154.3356042,1.6,182.64
1790538155.3507354,4.7,182.63
1790538156.3660402,3.1,182.64
1790538157.3814409,3.1,182.63
1790538158.395106,3.1,182.64
1790538159.4124842,68.7,182.63
1790538160.43095,92.1,196.24
1790538161.4491925,96.8,198.07
1790538162.4647155,103.0,196.95
1790538163.4851944,89.0,201.91
1790538164.506133,93.6,198.62
1790538165.5294175,90.6,202.64
1790538166.5491512,99.9,199.57
1790538167.5683079,93.7,204.98
1790538168.5850434,96.8,202.61
1790538169.603027,95.3,199.61
1790538170.6249037,96.8,203.69
1790538171.6447217,92.1,200.73
1790538172.663719,96.8,205.61
1790538173.6828384,98.4,203.18
1790538174.711157,95.3,207.22
1790538175.7362883,96.8,191.10
1790538176.7548072,98.4,195.45
1790538177.7738519,93.6,192.93
1790538178.790828,93.7,196.74
1790538179.8117363,93.7,194.13
1790538180.8347845,98.3,191.23
1790538181.8527124,93.7,195.99
1790538182.8736281,98.4,191.79
1790538183.8927984,93.7,196.59
1790538184.9140997,93.7,191.73
1790538185.9366198,96.8,198.40
1790538186.9587812,100.0,200.36
1790538187.9816346,99.9,198.88
1790538188.9993677,99.9,200.73
1790538190.0209315,18.7,200.06
1790538191.0372288,4.7,200.07
1790538192.0529206,6.2,199.88
1790538193.0745258,4.7,199.95
1790538194.0939822,4.7,199.88
1790538195.1100988,4.7,199.79
1790538196.1285665,7.8,199.86
1790538197.1589835,14.1,200.00
1790538198.173098,12.5,197.18
1790538199.1880488,10.9,197.18
1790538200.2042098,14.0,190.39
1790538201.2243524,10.9,190.43
1790538202.2407942,12.5,190.43
1790538203.258735,9.4,190.43
1790538204.275076,10.9,190.43
1790538205.294865,6.2,190.45
1790538206.311457,12.5,190.44
1790538207.3283615,9.4,190.46
1790538208.3444107,9.4,190.43
1790538209.3661354,12.5,190.52
1790538210.3869286,7.8,190.50
1790538211.4023654,9.4,190.47
1790538212.4219441,12.5,190.50
1790538213.437941,9.4,190.49
1790538214.4592626,15.6,190.63
1790538215.4812531,20.3,190.66
1790538216.4985719,12.5,190.69
1790538217.5183122,14.1,190.68
1790538218.5328739,9.4,190.68
1790538219.5560668,10.9,190.69
1790538220.5743954,6.2,190.71
1790538221.5925663,10.9,190.68
1790538222.6108155,10.9,190.72
1790538223.6259992,14.1,190.71
1790538224.6476662,9.4,190.72
1790538225.6670144,12.5,190.59
1790538226.6896517,12.5,190.60
1790538227.7111306,12.5,190.59
1790538228.7317452,10.9,190.57
1790538229.752417,20.3,190.59
1790538230.7662196,17.2,190.60
1790538231.785536,3.1,190.54
1790538232.801276,12.5,190.59
1790538233.81689,18.7,190.57
