request_rate,ip_entropy,inter_arrival_mean,inter_arrival_std,http_method_ratio,unique_path_ratio,unique_ip_count,post_ratio,label,source,window_end_ts
5.6,4.235926350629033,0.1774992854506881,0.3123608878199777,0.9285714285714286,0.6071428571428571,20,0.07142857142857142,0,raw_requests_normal,1790590470.4963248
5.2,4.1619781796795525,0.1600355911254883,0.2164004675904794,0.8461538461538461,0.5384615384615384,19,0.15384615384615385,0,raw_requests_normal,1790590471.4963248
4.8,4.16829583405449,0.1710782465727433,0.17929631302735205,0.8333333333333334,0.625,19,0.16666666666666666,0,raw_requests_normal,1790590472.4963248
5.0,4.243856189774723,0.17146071791648865,0.1605528022483303,0.84,0.6,20,0.16,0,raw_requests_normal,1790590473.4963248
5.6,4.2359263506290326,0.18255810384397153,0.15918831644412262,0.8214285714285714,0.5357142857142857,20,0.17857142857142858,0,raw_requests_normal,1790590474.4963248
5.8,4.237291339955158,0.16965282814843313,0.15873668935774018,0.8275862068965517,0.6206896551724138,20,0.1724137931034483,0,raw_requests_normal,1790590475.4963248
5.0,4.163856189774723,0.19765027364095053,0.18788809795086478,0.88,0.6,19,0.12,0,raw_requests_normal,1790590476.4963248
5.4,4.236368983644952,0.1772147141970121,0.14528090556041193,0.8888888888888888,0.5185185185185185,20,0.1111111111111111,0,raw_requests_normal,1790590477.4963248
4.6,4.262692390839622,0.20618519999764182,0.19090952664064675,0.8695652173913043,0.6521739130434783,20,0.13043478260869565,0,raw_requests_normal,1790590478.4963248
4.4,4.095795255000932,0.22259315990266346,0.2166027770370822,0.9545454545454546,0.5909090909090909,18,0.045454545454545456,0,raw_requests_normal,1790590479.4963248
4.6,4.2626923908396215,0.20593816583806818,0.2154713266014455,0.9565217391304348,0.5652173913043478,20,0.043478260869565216,0,raw_requests_normal,1790590480.4963248
4.4,4.186704345910023,0.22668262890407018,0.21425215378208268,1.0,0.6818181818181818,19,0.0,0,raw_requests_normal,1790590481.4963248
4.8,4.251629167387823,0.18040335696676504,0.16878857767339045,0.9583333333333334,0.6666666666666666,20,0.041666666666666664,0,raw_requests_normal,1790590482.4963248
5.0,4.163856189774723,0.18037565549214682,0.16498121729684143,0.96,0.64,19,0.04,0,raw_requests_normal,1790590483.4963248
4.6,4.175735869100492,0.19694372740658847,0.1897960526320953,0.9565217391304348,0.6956521739130435,19,0.043478260869565216,0,raw_requests_normal,1790590484.4963248
4.2,4.106603137064474,0.2259332537651062,0.19908004058188322,0.9047619047619048,0.6666666666666666,18,0.09523809523809523,0,raw_requests_normal,1790590485.4963248
5.0,4.163856189774723,0.1882434586683909,0.19226974489888704,0.92,0.56,19,0.08,0,raw_requests_normal,1790590486.4963248
5.4,4.134336113194453,0.17666084949786848,0.16848110571341654,0.9629629629629629,0.5185185185185185,19,0.037037037037037035,0,raw_requests_normal,1790590487.4963248
5.2,4.238901256602629,0.16977030754089356,0.13729292600212306,0.9230769230769231,0.5384615384615384,20,0.07692307692307693,0,raw_requests_normal,1790590488.4963248
5.6,4.235926350629033,0.17873739313196252,0.1594943943464128,0.9285714285714286,0.4642857142857143,20,0.07142857142857142,0,raw_requests_normal,1790590489.4963248
5.6,4.2359263506290326,0.17765884046201352,0.14638973719097487,0.9642857142857143,0.5,20,0.03571428571428571,0,raw_requests_normal,1790590490.4963248
4.6,4.1757358691004915,0.2093958854675293,0.15713147590407622,0.9565217391304348,0.6086956521739131,19,0.043478260869565216,0,raw_requests_normal,1790590491.4963248
3.8,3.9321380397593733,0.2357938157187568,0.17369329230038086,0.9473684210526315,0.5789473684210527,16,0.05263157894736842,0,raw_requests_normal,1790590492.4963248
5.4,4.162294909570877,0.1735455898138193,0.15216515640771625,0.9259259259259259,0.48148148148148145,19,0.07407407407407407,0,raw_requests_normal,1790590493.4963248
5.6,4.2359263506290326,0.17657340014422382,0.1569919566045564,0.9285714285714286,0.5357142857142857,20,0.07142857142857142,0,raw_requests_normal,1790590494.4963248
5.2,4.238901256602629,0.18438541412353515,0.17863780705697085,0.9230769230769231,0.5384615384615384,20,0.07692307692307693,0,raw_requests_normal,1790590495.4963248
5.6,4.235926350629033,0.18280362199853967,0.21206008566503687,0.9285714285714286,0.5,20,0.07142857142857142,0,raw_requests_normal,1790590496.4963248
5.6,4.235926350629033,0.18340761573226363,0.19734730813416534,0.8928571428571429,0.4642857142857143,20,0.10714285714285714,0,raw_requests_normal,1790590497.4963248
4.8,4.084962500721157,0.20965850871542227,0.1914288579731023,0.9583333333333334,0.5416666666666666,18,0.041666666666666664,0,raw_requests_normal,1790590498.4963248
4.2,4.201841232302569,0.21067630052566527,0.19364891119090505,0.9523809523809523,0.47619047619047616,19,0.047619047619047616,0,raw_requests_normal,1790590499.4963248
4.8,4.16829583405449,0.1809506312660549,0.14233925881500797,0.9166666666666666,0.5416666666666666,19,0.08333333333333333,0,raw_requests_normal,1790590500.4963248
5.0,4.163856189774723,0.196923037370046,0.13564655170006787,0.84,0.52,19,0.16,0,raw_requests_normal,1790590501.4963248
5.0,4.243856189774723,0.18777695298194885,0.16396545811031493,0.88,0.6,20,0.12,0,raw_requests_normal,1790590502.4963248
4.6,4.088779347361362,0.20694687149741434,0.16441601919501309,0.8695652173913043,0.5652173913043478,18,0.13043478260869565,0,raw_requests_normal,1790590503.4963248
5.6,4.235926350629033,0.1730578034012406,0.14916017367778914,0.8928571428571429,0.42857142857142855,20,0.10714285714285714,0,raw_requests_normal,1790590504.4963248
4.6,4.2626923908396215,0.22420644760131836,0.2648745767737184,0.8695652173913043,0.34782608695652173,20,0.13043478260869565,0,raw_requests_normal,1790590505.4963248
5.2,4.238901256602629,0.18004109382629394,0.24527399795844448,0.9230769230769231,0.34615384615384615,20,0.07692307692307693,0,raw_requests_normal,1790590506.4963248
5.2,4.238901256602629,0.19484092712402343,0.2556488854704063,0.9230769230769231,0.34615384615384615,20,0.07692307692307693,0,raw_requests_normal,1790590507.4963248
4.4,4.186704345910023,0.18561686788286483,0.2713728090867925,0.9090909090909091,0.4090909090909091,19,0.09090909090909091,0,raw_requests_normal,1790590508.4963248
4.2,4.011365041826379,0.19928628206253052,0.2731089630200761,0.8571428571428571,0.47619047619047616,17,0.14285714285714285,0,raw_requests_normal,1790590509.4963248
5.2,4.23890125660263,0.18954232215881348,0.254750144393528,0.8846153846153846,0.46153846153846156,20,0.11538461538461539,0,raw_requests_normal,1790590510.4963248
4.4,4.095795255000932,0.22865032014392672,0.2682860930276686,0.9090909090909091,0.5,18,0.09090909090909091,0,raw_requests_normal,1790590511.4963248
4.8,4.16829583405449,0.15615109775377356,0.12756862117563647,0.9166666666666666,0.5,19,0.08333333333333333,0,raw_requests_normal,1790590512.4963248
6.4,4.25,0.15539713059702226,0.13501260673305024,0.90625,0.375,20,0.09375,0,raw_requests_normal,1790590513.4963248
5.6,4.235926350629033,0.17934687932332358,0.15126760051997382,0.8928571428571429,0.32142857142857145,20,0.10714285714285714,0,raw_requests_normal,1790590514.4963248
5.0,4.243856189774723,0.199846883614858,0.1490658912570533,0.88,0.4,20,0.12,0,raw_requests_normal,1790590515.4963248
5.2,4.1619781796795525,0.19350462913513183,0.14146740227039348,0.8846153846153846,0.4230769230769231,19,0.11538461538461539,0,raw_requests_normal,1790590516.4963248
5.0,4.083856189774723,0.19873170057932535,0.13249788126619788,0.84,0.44,18,0.16,0,raw_requests_normal,1790590517.4963248
4.4,4.186704345910023,0.21141656239827475,0.1567135232815865,0.8636363636363636,0.6363636363636364,19,0.13636363636363635,0,raw_requests_normal,1790590518.4963248
4.6,4.1757358691004915,0.20793973315845837,0.16444916144202906,0.9130434782608695,0.6086956521739131,19,0.08695652173913043,0,raw_requests_normal,1790590519.4963248
5.2,4.23890125660263,0.18759778022766113,0.16401143694428352,0.9615384615384616,0.5384615384615384,20,0.038461538461538464,0,raw_requests_normal,1790590520.4963248
5.0,4.083856189774723,0.1953492263952891,0.17458498882958923,0.84,0.44,18,0.16,0,raw_requests_normal,1790590521.4963248
5.0,4.163856189774723,0.17445205648740134,0.14642697471750601,0.88,0.4,19,0.12,0,raw_requests_normal,1790590522.4963248
5.0,4.243856189774723,0.19885292649269104,0.14730295177171288,0.88,0.4,20,0.12,0,raw_requests_normal,1790590523.4963248
5.0,4.163856189774723,0.19043938318888345,0.14220603623556674,0.84,0.4,19,0.16,0,raw_requests_normal,1790590524.4963248
4.8,4.16829583405449,0.20421073747717816,0.14966009431450794,0.75,0.4166666666666667,19,0.25,0,raw_requests_normal,1790590525.4963248
4.4,4.186704345910023,0.20292031197320848,0.1561192356931304,0.8636363636363636,0.5,19,0.13636363636363635,0,raw_requests_normal,1790590526.4963248
5.0,4.243856189774723,0.19465346137682596,0.15902867825523045,0.76,0.44,20,0.24,0,raw_requests_normal,1790590527.4963248
5.0,4.243856189774722,0.1951844890912374,0.15602637039929143,0.68,0.44,20,0.32,0,raw_requests_normal,1790590528.4963248
4.6,4.2626923908396215,0.2050661498850042,0.1601523509770969,0.6956521739130435,0.43478260869565216,20,0.30434782608695654,0,raw_requests_normal,1790590529.4963248
5.2,4.161978179679553,0.1846840763092041,0.15390931022517013,0.8076923076923077,0.46153846153846156,19,0.19230769230769232,0,raw_requests_normal,1790590530.4963248
6.2,4.244518891032037,0.1656851847966512,0.1325767027940805,0.7419354838709677,0.3870967741935484,20,0.25806451612903225,0,raw_requests_normal,1790590531.4963248
5.2,4.238901256602629,0.19825201034545897,0.16195711674556684,0.8076923076923077,0.38461538461538464,20,0.19230769230769232,0,raw_requests_normal,1790590532.4963248
5.2,4.238901256602629,0.18088603973388673,0.15805587869275078,0.8461538461538461,0.4230769230769231,20,0.15384615384615385,0,raw_requests_normal,1790590533.4963248
5.8,4.237291339955158,0.1739088467189244,0.1412659176680819,0.8620689655172413,0.4827586206896552,20,0.13793103448275862,0,raw_requests_normal,1790590534.4963248
6.0,4.240223928941852,0.16357773747937432,0.15069598314028929,0.8333333333333334,0.4666666666666667,20,0.16666666666666666,0,raw_requests_normal,1790590535.4963248
4.8,4.251629167387823,0.19995278897492783,0.2541878842666413,0.9166666666666666,0.625,20,0.08333333333333333,0,raw_requests_normal,1790590536.4963248
4.6,4.262692390839622,0.19596160541881213,0.24877987477870922,0.9130434782608695,0.7391304347826086,20,0.08695652173913043,0,raw_requests_normal,1790590537.4963248
4.6,4.088779347361362,0.2148507074876265,0.2672219653735037,0.9130434782608695,0.782608695652174,18,0.08695652173913043,0,raw_requests_normal,1790590538.4963248
5.2,4.132944044980958,0.18933506965637206,0.25525345718373915,0.8846153846153846,0.6538461538461539,19,0.11538461538461539,0,raw_requests_normal,1790590539.4963248
4.6,4.2626923908396215,0.1774469939145175,0.15647827706831732,0.8695652173913043,0.6086956521739131,20,0.13043478260869565,0,raw_requests_normal,1790590540.4963248
5.8,4.237291339955158,0.165792030947549,0.1565875319247069,0.896551724137931,0.4827586206896552,20,0.10344827586206896,0,raw_requests_normal,1790590541.4963248
6.0,4.240223928941852,0.16391895557272024,0.13271403754353361,0.9,0.5333333333333333,20,0.1,0,raw_requests_normal,1790590542.4963248
5.6,4.235926350629033,0.17537077267964682,0.14591761583934837,0.9285714285714286,0.5357142857142857,20,0.07142857142857142,0,raw_requests_normal,1790590543.4963248
5.4,4.1622949095708766,0.18435235206897443,0.15616615586886293,0.8518518518518519,0.4074074074074074,19,0.14814814814814814,0,raw_requests_normal,1790590544.4963248
4.8,4.084962500721156,0.19833099323770273,0.19588639208584172,0.875,0.5,18,0.125,0,raw_requests_normal,1790590545.4963248
4.4,4.186704345910022,0.22967555409386045,0.21584901112193514,0.8636363636363636,0.7272727272727273,19,0.13636363636363635,0,raw_requests_normal,1790590546.4963248
5.0,4.243856189774723,0.18847919503847757,0.20020789333969022,0.76,0.56,20,0.24,0,raw_requests_normal,1790590547.4963248
5.6,4.2359263506290326,0.17463768853081596,0.18680477423136108,0.7857142857142857,0.6785714285714286,20,0.21428571428571427,0,raw_requests_normal,1790590548.4963248
5.2,4.238901256602629,0.18579678535461425,0.1912766522578592,0.8076923076923077,0.6538461538461539,20,0.19230769230769232,0,raw_requests_normal,1790590549.4963248
5.0,4.243856189774723,0.16649320721626282,0.15157960186856426,0.76,0.6,20,0.24,0,raw_requests_normal,1790590550.4963248
4.8,4.084962500721156,0.20839935800303583,0.2585054225507657,0.7083333333333334,0.4583333333333333,18,0.2916666666666667,0,raw_requests_normal,1790590551.4963248
5.6,4.235926350629033,0.1838825190508807,0.2504385737706423,0.8571428571428571,0.6071428571428571,20,0.14285714285714285,0,raw_requests_normal,1790590552.4963248
4.8,4.16829583405449,0.19641951892686926,0.2708190953024625,0.8333333333333334,0.4583333333333333,19,0.16666666666666666,0,raw_requests_normal,1790590553.4963248
4.6,4.262692390839622,0.20584147626703436,0.2880063496445241,0.9130434782608695,0.5217391304347826,20,0.08695652173913043,0,raw_requests_normal,1790590554.4963248
5.2,4.23890125660263,0.18072010040283204,0.1912563274363313,0.9230769230769231,0.5769230769230769,20,0.07692307692307693,0,raw_requests_normal,1790590555.4963248
6.2,4.244518891032037,0.15847152074178059,0.18476525989938095,0.9032258064516129,0.5483870967741935,20,0.0967741935483871,0,raw_requests_normal,1790590556.4963248
4.2,4.106603137064473,0.23050577640533448,0.22646339919339076,0.8571428571428571,0.6190476190476191,18,0.14285714285714285,0,raw_requests_normal,1790590557.4963248
4.8,4.251629167387823,0.20853227117787237,0.2107754216167643,0.875,0.5833333333333334,20,0.125,0,raw_requests_normal,1790590558.4963248
4.6,4.262692390839622,0.21910528703169388,0.23253843113627382,0.8695652173913043,0.5652173913043478,20,0.13043478260869565,0,raw_requests_normal,1790590559.4963248
5.2,4.085055102756476,0.18677402496337892,0.21633977231278229,0.8846153846153846,0.46153846153846156,18,0.11538461538461539,0,raw_requests_normal,1790590560.4963248
4.0,4.221928094887362,0.20253246708920128,0.20491551759044274,0.95,0.55,19,0.05,0,raw_requests_normal,1790590561.4963248
5.0,4.243856189774723,0.18828251957893372,0.18702615260592315,0.96,0.52,20,0.04,0,raw_requests_normal,1790590562.4963248
5.0,4.243856189774723,0.17585418621699014,0.14420952670817935,0.96,0.44,20,0.04,0,raw_requests_normal,1790590563.4963248
5.8,4.237291339955158,0.17585676908493042,0.1497498922477423,0.9310344827586207,0.41379310344827586,20,0.06896551724137931,0,raw_requests_normal,1790590564.4963248
5.2,4.23890125660263,0.18164013862609862,0.14165604342980467,0.9230769230769231,0.5384615384615384,20,0.07692307692307693,0,raw_requests_normal,1790590565.4963248
5.6,4.235926350629033,0.1837793367880362,0.12384973033601235,0.9285714285714286,0.5714285714285714,20,0.07142857142857142,0,raw_requests_normal,1790590566.4963248
4.6,4.1757358691004915,0.1874632943760265,0.12318037049102208,0.9130434782608695,0.5217391304347826,19,0.08695652173913043,0,raw_requests_normal,1790590567.4963248
5.8,4.237291339955158,0.1641554151262556,0.185068436216163,0.896551724137931,0.5517241379310345,20,0.10344827586206896,0,raw_requests_normal,1790590568.4963248
5.2,4.085055102756476,0.17324009895324707,0.19470346490906568,0.9230769230769231,0.5384615384615384,18,0.07692307692307693,0,raw_requests_normal,1790590569.4963248
5.6,4.2359263506290326,0.1787553451679371,0.19559310393355073,0.9285714285714286,0.5714285714285714,20,0.07142857142857142,0,raw_requests_normal,1790590570.4963248
5.0,4.163856189774723,0.18663260340690613,0.20901330972450077,0.92,0.56,19,0.08,0,raw_requests_normal,1790590571.4963248
6.4,4.226409765557392,0.15436624711559666,0.15412343061059547,0.875,0.5,20,0.125,0,raw_requests_normal,1790590572.4963248
4.6,4.175735869100492,0.21628721193833786,0.19511003430515245,0.8695652173913043,0.5652173913043478,19,0.13043478260869565,0,raw_requests_normal,1790590573.4963248
5.4,4.236368983644952,0.18890658708719107,0.17573693644392782,0.8888888888888888,0.5555555555555556,20,0.1111111111111111,0,raw_requests_normal,1790590574.4963248
4.4,4.277613436819114,0.20902702921912783,0.19215771306708632,0.9090909090909091,0.5909090909090909,20,0.09090909090909091,0,raw_requests_normal,1790590575.4963248
4.4,4.277613436819114,0.20947479066394625,0.20206023828100397,0.9090909090909091,0.5454545454545454,20,0.09090909090909091,0,raw_requests_normal,1790590576.4963248
4.4,4.186704345910023,0.2078917253585089,0.1987218430669941,0.9545454545454546,0.5,19,0.045454545454545456,0,raw_requests_normal,1790590577.4963248
5.4,4.208410187268527,0.18173440603109506,0.17935632170594562,0.8888888888888888,0.48148148148148145,20,0.1111111111111111,0,raw_requests_normal,1790590578.4963248
4.2,4.011365041826378,0.21413817405700683,0.18824237669591637,0.8571428571428571,0.47619047619047616,17,0.14285714285714285,0,raw_requests_normal,1790590579.4963248
5.4,4.236368983644952,0.16981759438147911,0.15417752015684819,0.8148148148148148,0.48148148148148145,20,0.18518518518518517,0,raw_requests_normal,1790590580.4963248
5.6,4.235926350629033,0.15719216841238517,0.14707833902303064,0.8214285714285714,0.4642857142857143,20,0.17857142857142858,0,raw_requests_normal,1790590581.4963248
4.6,4.088779347361361,0.19584550640799783,0.18191398106334888,0.8260869565217391,0.4782608695652174,18,0.17391304347826086,0,raw_requests_normal,1790590582.4963248
4.2,4.201841232302569,0.21708076000213622,0.19848516778881878,0.8571428571428571,0.5238095238095238,19,0.14285714285714285,0,raw_requests_normal,1790590583.4963248
111.6,7.061815494035688,0.008966492579270093,0.02250014582331577,0.7293906810035843,0.05734767025089606,149,0.27060931899641577,0,raw_requests_burst,1790590606.8379292
134.4,7.137204450892884,0.007441805656194332,0.012656268594306963,0.7172619047619048,0.047619047619047616,149,0.28273809523809523,0,raw_requests_burst,1790590607.8379292
155.4,7.177756639992973,0.006369381528539756,0.009561523032228736,0.703989703989704,0.04118404118404118,149,0.296010296010296,0,raw_requests_burst,1790590608.8379292
164.4,7.1865363640308,0.006041428929560077,0.008745914274179077,0.708029197080292,0.038929440389294405,149,0.291970802919708,0,raw_requests_burst,1790590609.8379292
167.6,7.19373453304347,0.005889275310429764,0.008643228675775879,0.7124105011933174,0.03818615751789976,149,0.28758949880668255,0,raw_requests_burst,1790590610.8379292
164.4,7.1925462492917065,0.006042023088406413,0.008627569058618414,0.718978102189781,0.038929440389294405,149,0.28102189781021897,0,raw_requests_burst,1790590611.8379292
162.6,7.194542570639419,0.006140897426699182,0.009531227044338678,0.7269372693726938,0.03936039360393604,149,0.2730627306273063,0,raw_requests_burst,1790590612.8379292
161.2,7.190568279879692,0.00620734054849755,0.009660929887711925,0.7295285359801489,0.03970223325062035,149,0.2704714640198511,0,raw_requests_burst,1790590613.8379292
162.2,7.197767042375522,0.006159423310079693,0.00995746985060889,0.7237977805178791,0.03945745992601726,149,0.2762022194821208,0,raw_requests_burst,1790590614.8379292
162.2,7.195286547630318,0.006145651546525367,0.009365599877679409,0.717632552404439,0.03945745992601726,149,0.28236744759556104,0,raw_requests_burst,1790590615.8379292
164.6,7.196708234798959,0.006077764968222365,0.009539565528991323,0.7023086269744836,0.038882138517618466,149,0.2976913730255164,0,raw_requests_burst,1790590616.8379292
164.8,7.195514373404874,0.00607301803579597,0.008586114149380463,0.7063106796116505,0.038834951456310676,149,0.2936893203883495,0,raw_requests_burst,1790590617.8379292
164.6,7.193595689518998,0.006072675514685266,0.008638637154935526,0.7059538274605103,0.038882138517618466,149,0.29404617253948967,0,raw_requests_burst,1790590618.8379292
163.0,7.200681577559114,0.0061320212900785025,0.008359828321896256,0.7092024539877301,0.0392638036809816,149,0.2907975460122699,0,raw_requests_burst,1790590619.8379292
161.8,7.198560669954496,0.006175341287461838,0.008900507119188997,0.7095179233621756,0.03955500618046971,149,0.2904820766378245,0,raw_requests_burst,1790590620.8379292
162.2,7.198531842877849,0.0061319939884138695,0.008471606018203091,0.7127003699136868,0.03945745992601726,149,0.2872996300863132,0,raw_requests_burst,1790590621.8379292
161.6,7.197720435625489,0.006144128028935807,0.009015069066553647,0.7141089108910891,0.039603960396039604,149,0.28589108910891087,0,raw_requests_burst,1790590622.8379292
163.2,7.1938280958729015,0.006115199305528512,0.008982661193783863,0.7316176470588235,0.0392156862745098,149,0.26838235294117646,0,raw_requests_burst,1790590623.8379292
164.6,7.192013886904798,0.006066485913130489,0.00936526079985883,0.7278250303766707,0.038882138517618466,149,0.27217496962332927,0,raw_requests_burst,1790590624.8379292
165.8,7.194771662405373,0.006031994370446689,0.00885671800251643,0.7189384800965019,0.038600723763570564,149,0.2810615199034982,0,raw_requests_burst,1790590625.8379292
165.6,7.191158424129637,0.006034626493719209,0.009028517148783015,0.7210144927536232,0.03864734299516908,149,0.27898550724637683,0,raw_requests_burst,1790590626.8379292
166.4,7.191562148986645,0.006012097449365793,0.008529726440442828,0.7175480769230769,0.038461538461538464,149,0.2824519230769231,0,raw_requests_burst,1790590627.8379292
164.4,7.190851181871627,0.006046268449195555,0.009149603433076912,0.7068126520681265,0.038929440389294405,149,0.29318734793187345,0,raw_requests_burst,1790590628.8379292
162.6,7.192798847089859,0.00612163396891702,0.009133058436072565,0.7146371463714637,0.03936039360393604,149,0.2853628536285363,0,raw_requests_burst,1790590629.8379292
163.0,7.194439380483338,0.006139294814126205,0.009333020177206447,0.7177914110429447,0.0392638036809816,149,0.2822085889570552,0,raw_requests_burst,1790590630.8379292
159.6,7.188718937068427,0.006259598127721693,0.00947706805182078,0.7218045112781954,0.040100250626566414,149,0.2781954887218045,0,raw_requests_burst,1790590631.8379292
160.8,7.191914658129507,0.0062232243168547025,0.009694711181013642,0.7201492537313433,0.03980099502487562,149,0.2798507462686567,0,raw_requests_burst,1790590632.8379292
163.0,7.193352307017216,0.006124638222359322,0.009069184155852098,0.7226993865030675,0.0392638036809816,149,0.2773006134969325,0,raw_requests_burst,1790590633.8379292
166.2,7.189782848354377,0.00595228959278888,0.008657599273630178,0.717208182912154,0.03850782190132371,149,0.28279181708784595,0,raw_requests_burst,1790590634.8379292
163.2,7.187880588835786,0.0060974255661291575,0.009084322899150468,0.7120098039215687,0.0392156862745098,149,0.28799019607843135,0,raw_requests_burst,1790590635.8379292
166.0,7.19317744483489,0.006026045117073381,0.008891042927497548,0.708433734939759,0.03855421686746988,149,0.29156626506024097,0,raw_requests_burst,1790590636.8379292
165.0,7.1913715500609925,0.0060386547764528144,0.00898865918787561,0.6981818181818182,0.03878787878787879,149,0.3018181818181818,0,raw_requests_burst,1790590637.8379292
165.0,7.192867689868647,0.006024387565631311,0.008693271019726072,0.7078787878787879,0.03878787878787879,149,0.2921212121212121,0,raw_requests_burst,1790590638.8379292
162.2,7.188422477410341,0.006118514214032962,0.008414637823608255,0.7151664611590629,0.03945745992601726,149,0.2848335388409371,0,raw_requests_burst,1790590639.8379292
163.8,7.188207599556394,0.006108642790311706,0.008410770202742238,0.7252747252747253,0.03907203907203907,149,0.27472527472527475,0,raw_requests_burst,1790590640.8379292
161.8,7.194216360725121,0.006186497388499798,0.008499194013332198,0.7268232385661311,0.03955500618046971,149,0.273176761433869,0,raw_requests_burst,1790590641.8379292
162.6,7.1948436293792835,0.006134429882312643,0.007962575538736236,0.7478474784747847,0.03936039360393604,149,0.2521525215252153,0,raw_requests_burst,1790590642.8379292
163.0,7.195327628152737,0.006123247837844586,0.008116650991490452,0.7312883435582822,0.0392638036809816,149,0.2687116564417178,0,raw_requests_burst,1790590643.8379292
164.0,7.196555756829022,0.0060809875437046,0.007757099840695338,0.7292682926829268,0.03902439024390244,149,0.2707317073170732,0,raw_requests_burst,1790590644.8379292
167.4,7.192818112933018,0.0059684244069186125,0.007834454897259405,0.7192353643966547,0.038231780167264036,149,0.2807646356033453,0,raw_requests_burst,1790590645.8379292
167.6,7.188239553973905,0.005955757633332283,0.00793310600888261,0.7243436754176611,0.03818615751789976,149,0.2756563245823389,0,raw_requests_burst,1790590646.8379292
167.8,7.189519409883184,0.0059537347006058065,0.008523497092695292,0.6972586412395709,0.03814064362336114,149,0.30274135876042907,0,raw_requests_burst,1790590647.8379292
168.0,7.193014311571726,0.0059178389866389024,0.00844701885875301,0.6988095238095238,0.0380952380952381,149,0.3011904761904762,0,raw_requests_burst,1790590648.8379292
168.6,7.194454778364414,0.00593090793582436,0.008649403215311552,0.6915776986951364,0.03795966785290629,149,0.3084223013048636,0,raw_requests_burst,1790590649.8379292
165.2,7.1915054788716315,0.006032470645326557,0.00856655610284182,0.7021791767554479,0.0387409200968523,149,0.29782082324455206,0,raw_requests_burst,1790590650.8379292
165.0,7.19273513904474,0.006060718911365398,0.008856065488270367,0.6884848484848485,0.03878787878787879,149,0.3115151515151515,0,raw_requests_burst,1790590651.8379292
164.0,7.194826852618531,0.006096956639645009,0.008448886682470284,0.6939024390243902,0.03902439024390244,149,0.30609756097560975,0,raw_requests_burst,1790590652.8379292
164.0,7.188559781342004,0.006082388362022838,0.008820000043664261,0.7048780487804878,0.03902439024390244,149,0.2951219512195122,0,raw_requests_burst,1790590653.8379292
164.6,7.194216197940097,0.006078219181719777,0.008658019592866942,0.7035236938031592,0.038882138517618466,149,0.29647630619684084,0,raw_requests_burst,1790590654.8379292
164.2,7.192681680968701,0.006057011208883146,0.00874094955879395,0.7149817295980512,0.0389768574908648,149,0.2850182704019488,0,raw_requests_burst,1790590655.8379292
165.0,7.192603056832635,0.006042678958003961,0.00867141458648557,0.7248484848484849,0.03878787878787879,149,0.27515151515151515,0,raw_requests_burst,1790590656.8379292
163.8,7.191072326726759,0.006072632549444445,0.009057524310594546,0.7374847374847375,0.03907203907203907,149,0.2625152625152625,0,raw_requests_burst,1790590657.8379292
164.0,7.192683104574746,0.0060849600222521215,0.008756093403694083,0.7329268292682927,0.03902439024390244,149,0.26707317073170733,0,raw_requests_burst,1790590658.8379292
165.6,7.1932699861172935,0.006038988083420815,0.008835761976900103,0.7355072463768116,0.03864734299516908,149,0.2644927536231884,0,raw_requests_burst,1790590659.8379292
165.2,7.19215473850113,0.006043400908961441,0.008725158175533532,0.7142857142857143,0.0387409200968523,149,0.2857142857142857,0,raw_requests_burst,1790590660.8379292
167.2,7.191986242214404,0.0059540140414666275,0.00867755837973028,0.7177033492822966,0.03827751196172249,149,0.2822966507177033,0,raw_requests_burst,1790590661.8379292
169.4,7.192876316401576,0.005883035930335945,0.008374556278746966,0.7225501770956316,0.03778040141676505,149,0.27744982290436837,0,raw_requests_burst,1790590662.8379292
168.6,7.19509479235824,0.0059201776839775035,0.008560184297791458,0.7141162514827996,0.03795966785290629,149,0.2858837485172005,0,raw_requests_burst,1790590663.8379292
165.8,7.198414461159296,0.006014294382454693,0.008626696643751534,0.721351025331725,0.038600723763570564,149,0.27864897466827504,0,raw_requests_burst,1790590664.8379292
165.8,7.197683136700958,0.0060189893280250435,0.008709293167733912,0.7249698431845597,0.038600723763570564,149,0.2750301568154403,0,raw_requests_burst,1790590665.8379292
162.2,7.1997235380195495,0.0061569102016496065,0.008580021034594763,0.7274969173859432,0.03945745992601726,149,0.2725030826140567,0,raw_requests_burst,1790590666.8379292
163.2,7.198822066193319,0.006111778657129206,0.008813455072086643,0.7242647058823529,0.0392156862745098,149,0.2757352941176471,0,raw_requests_burst,1790590667.8379292
161.6,7.198329454333504,0.006182691273931529,0.008714921164332833,0.7326732673267327,0.039603960396039604,149,0.26732673267326734,0,raw_requests_burst,1790590668.8379292
164.2,7.195866653933794,0.0060836489607648155,0.00903610616658452,0.7247259439707674,0.0389768574908648,149,0.27527405602923266,0,raw_requests_burst,1790590669.8379292
163.2,7.191922764239556,0.006109649564590922,0.009194293537022983,0.7291666666666666,0.0392156862745098,149,0.2708333333333333,0,raw_requests_burst,1790590670.8379292
162.8,7.190189097770388,0.006135685417484973,0.009338910003244159,0.7223587223587223,0.03931203931203931,149,0.27764127764127766,0,raw_requests_burst,1790590671.8379292
162.4,7.195454695824207,0.006147825321051695,0.008840726383961063,0.7192118226600985,0.03940886699507389,149,0.28078817733990147,0,raw_requests_burst,1790590672.8379292
163.4,7.195339477608522,0.006085709029552983,0.008886920740682189,0.7135862913096696,0.03916768665850673,149,0.2864137086903305,0,raw_requests_burst,1790590673.8379292
161.6,7.197214104042289,0.006190724236962225,0.008925218187897436,0.7116336633663366,0.039603960396039604,149,0.28836633663366334,0,raw_requests_burst,1790590674.8379292
162.4,7.1940386205646165,0.006128689216773695,0.008714231871968538,0.7179802955665024,0.03940886699507389,149,0.28201970443349755,0,raw_requests_burst,1790590675.8379292
166.8,7.192487593090422,0.00597751069040287,0.009395714668601103,0.7122302158273381,0.03836930455635491,149,0.28776978417266186,0,raw_requests_burst,1790590676.8379292
165.2,7.1957716626578545,0.006033601760864257,0.009647064822143763,0.7033898305084746,0.0387409200968523,149,0.2966101694915254,0,raw_requests_burst,1790590677.8379292
164.0,7.192602911720357,0.006057348006810897,0.009537660385892323,0.7060975609756097,0.03902439024390244,149,0.2939024390243902,0,raw_requests_burst,1790590678.8379292
163.4,7.193911319846517,0.0061104855701035144,0.009313804998456313,0.7025703794369645,0.03916768665850673,149,0.2974296205630355,0,raw_requests_burst,1790590679.8379292
166.0,7.194417449711326,0.006018364530133108,0.009516842794107985,0.6987951807228916,0.03855421686746988,149,0.30120481927710846,0,raw_requests_burst,1790590680.8379292
164.4,7.1962822474910935,0.006085132710390637,0.00864937346324885,0.7092457420924574,0.038929440389294405,149,0.29075425790754256,0,raw_requests_burst,1790590681.8379292
162.8,7.192584190336811,0.00609554135931374,0.008698854759406249,0.7248157248157249,0.03931203931203931,149,0.2751842751842752,0,raw_requests_burst,1790590682.8379292
161.8,7.192003111250853,0.006113048532221577,0.008727670350798408,0.7416563658838071,0.03955500618046971,149,0.2583436341161928,0,raw_requests_burst,1790590683.8379292
162.2,7.190451196450243,0.0061415925438021435,0.009016930174286727,0.7533908754623921,0.03945745992601726,149,0.2466091245376079,0,raw_requests_burst,1790590684.8379292
160.6,7.191614592447292,0.006227736163912271,0.00881751197965238,0.75093399750934,0.039850560398505604,149,0.24906600249066002,0,raw_requests_burst,1790590685.8379292
160.0,7.19281996664919,0.006220820848276379,0.009539226284381377,0.74875,0.04,149,0.25125,0,raw_requests_burst,1790590686.8379292
162.4,7.19790991947911,0.006117926866881797,0.009325115564257812,0.7229064039408867,0.03940886699507389,149,0.2770935960591133,0,raw_requests_burst,1790590687.8379292
164.0,7.195517984312508,0.006070417071145679,0.00918093997178311,0.7109756097560975,0.03902439024390244,149,0.2890243902439024,0,raw_requests_burst,1790590688.8379292
165.0,7.192414135910602,0.006051103466922797,0.009124330740191632,0.6945454545454546,0.03878787878787879,149,0.3054545454545455,0,raw_requests_burst,1790590689.8379292
165.8,7.192468801361232,0.0060371710482426885,0.00922093062536128,0.6960193003618818,0.038600723763570564,149,0.3039806996381182,0,raw_requests_burst,1790590690.8379292
36.2,1.5842629312534153,0.02762590249379476,0.0328416089597031,1.0,0.011049723756906077,3,0.0,1,raw_requests_attack_bot_mimicry,1790590899.7064981
36.8,1.5849199646077823,0.026793565906462122,0.033082486270073166,1.0,0.010869565217391304,3,0.0,1,raw_requests_attack_bot_mimicry,1790590900.7064981
36.8,1.5849199646077823,0.026780039886307845,0.03366196366332288,1.0,0.010869565217391304,3,0.0,1,raw_requests_attack_bot_mimicry,1790590901.7064981
37.4,1.584921317275512,0.02651641445775186,0.03336113671686601,1.0,0.0106951871657754,3,0.0,1,raw_requests_attack_bot_mimicry,1790590902.7064981
37.2,1.584962500721156,0.026618743587184596,0.03407623548630152,1.0,0.010752688172043012,3,0.0,1,raw_requests_attack_bot_mimicry,1790590903.7064981
37.2,1.584962500721156,0.026793782775466506,0.03447868884858557,1.0,0.010752688172043012,3,0.0,1,raw_requests_attack_bot_mimicry,1790590904.7064981
37.4,1.584921317275512,0.026643500533155215,0.03209182970555518,1.0,0.0106951871657754,3,0.0,1,raw_requests_attack_bot_mimicry,1790590905.7064981
37.4,1.584921317275512,0.026629750446606707,0.032131384149142836,1.0,0.0106951871657754,3,0.0,1,raw_requests_attack_bot_mimicry,1790590906.7064981
36.8,1.5849199646077823,0.02696166924440144,0.03252077495858515,1.0,0.010869565217391304,3,0.0,1,raw_requests_attack_bot_mimicry,1790590907.7064981
37.4,1.584921317275512,0.026799205810792984,0.0323502969228768,1.0,0.0106951871657754,3,0.0,1,raw_requests_attack_bot_mimicry,1790590908.7064981
36.8,1.5849199646077823,0.02698480887491195,0.03454060511984772,1.0,0.010869565217391304,3,0.0,1,raw_requests_attack_bot_mimicry,1790590909.7064981
36.6,1.584962500721156,0.027021118572780063,0.03675758368442679,1.0,0.01092896174863388,3,0.0,1,raw_requests_attack_bot_mimicry,1790590910.7064981
36.6,1.584962500721156,0.02696989656804682,0.03669989893243954,1.0,0.01092896174863388,3,0.0,1,raw_requests_attack_bot_mimicry,1790590911.7064981
37.2,1.584962500721156,0.02679297215229756,0.036573998326056754,1.0,0.010752688172043012,3,0.0,1,raw_requests_attack_bot_mimicry,1790590912.7064981
36.6,1.584962500721156,0.0268761810365614,0.036734052548561096,1.0,0.01092896174863388,3,0.0,1,raw_requests_attack_bot_mimicry,1790590913.7064981
37.2,1.584962500721156,0.026539182662963866,0.03633639891360259,1.0,0.010752688172043012,3,0.0,1,raw_requests_attack_bot_mimicry,1790590914.7064981
37.2,1.584962500721156,0.026435407432349952,0.03614232723647646,1.0,0.010752688172043012,3,0.0,1,raw_requests_attack_bot_mimicry,1790590915.7064981
37.8,1.584962500721156,0.026448271376021366,0.03613153972915165,1.0,0.010582010582010581,3,0.0,1,raw_requests_attack_bot_mimicry,1790590916.7064981
37.2,1.584962500721156,0.0263817091245909,0.03599056357116459,1.0,0.010752688172043012,3,0.0,1,raw_requests_attack_bot_mimicry,1790590917.7064981
37.8,1.584962500721156,0.026260888322870782,0.03587479960535902,1.0,0.010582010582010581,3,0.0,1,raw_requests_attack_bot_mimicry,1790590918.7064981
37.2,1.584962500721156,0.026453871340365025,0.036030824956353256,1.0,0.010752688172043012,3,0.0,1,raw_requests_attack_bot_mimicry,1790590919.7064981
37.8,1.584962500721156,0.026314542648640086,0.035827290166155885,1.0,0.010582010582010581,3,0.0,1,raw_requests_attack_bot_mimicry,1790590920.7064981
37.2,1.584962500721156,0.02643464707039498,0.03597722328359933,1.0,0.010752688172043012,3,0.0,1,raw_requests_attack_bot_mimicry,1790590921.7064981
37.2,1.584962500721156,0.026643664128071554,0.03621607456908834,1.0,0.010752688172043012,3,0.0,1,raw_requests_attack_bot_mimicry,1790590922.7064981
36.6,1.584962500721156,0.026826018815512186,0.036326432726243404,1.0,0.01092896174863388,3,0.0,1,raw_requests_attack_bot_mimicry,1790590923.7064981
37.2,1.584962500721156,0.026943855027894717,0.03661864796942499,1.0,0.010752688172043012,3,0.0,1,raw_requests_attack_bot_mimicry,1790590924.7064981
36.6,1.584962500721156,0.02705590410546942,0.03674988948511911,1.0,0.01092896174863388,3,0.0,1,raw_requests_attack_bot_mimicry,1790590925.7064981
36.6,1.584962500721156,0.027025161208687247,0.036724775788332865,1.0,0.01092896174863388,3,0.0,1,raw_requests_attack_bot_mimicry,1790590926.7064981
36.6,1.584962500721156,0.026961711736825798,0.03666880695393321,1.0,0.01092896174863388,3,0.0,1,raw_requests_attack_bot_mimicry,1790590927.7064981
37.2,1.584962500721156,0.026814271308280326,0.03652265424762779,1.0,0.010752688172043012,3,0.0,1,raw_requests_attack_bot_mimicry,1790590928.7064981
36.6,1.584962500721156,0.026822695365318887,0.03662398927298956,1.0,0.01092896174863388,3,0.0,1,raw_requests_attack_bot_mimicry,1790590929.7064981
37.2,1.584962500721156,0.02661692902848527,0.036420456604412524,1.0,0.010752688172043012,3,0.0,1,raw_requests_attack_bot_mimicry,1790590930.7064981
37.2,1.584962500721156,0.02638075673902357,0.03609468823826432,1.0,0.010752688172043012,3,0.0,1,raw_requests_attack_bot_mimicry,1790590931.7064981
37.2,1.584962500721156,0.02658793088552114,0.036454206179852386,1.0,0.010752688172043012,3,0.0,1,raw_requests_attack_bot_mimicry,1790590932.7064981
37.2,1.584962500721156,0.02670557434494431,0.03644154949646558,1.0,0.010752688172043012,3,0.0,1,raw_requests_attack_bot_mimicry,1790590933.7064981
37.2,1.584962500721156,0.026696943592380833,0.03636343535734966,1.0,0.010752688172043012,3,0.0,1,raw_requests_attack_bot_mimicry,1790590934.7064981
36.6,1.584962500721156,0.02684237537803231,0.036483493923391126,1.0,0.01092896174863388,3,0.0,1,raw_requests_attack_bot_mimicry,1790590935.7064981
37.2,1.584962500721156,0.026886629413914037,0.03647067222623723,1.0,0.010752688172043012,3,0.0,1,raw_requests_attack_bot_mimicry,1790590936.7064981
37.2,1.584962500721156,0.02677245397825499,0.03622154941848645,1.0,0.010752688172043012,3,0.0,1,raw_requests_attack_bot_mimicry,1790590937.7064981
36.6,1.584962500721156,0.026647854637313676,0.036115536169937526,1.0,0.01092896174863388,3,0.0,1,raw_requests_attack_bot_mimicry,1790590938.7064981
37.2,1.584962500721156,0.02673968237799567,0.03553239271194519,1.0,0.010752688172043012,3,0.0,1,raw_requests_attack_bot_mimicry,1790590939.7064981
37.4,1.584921317275512,0.02661987402105844,0.03342044805385585,1.0,0.0106951871657754,3,0.0,1,raw_requests_attack_bot_mimicry,1790590940.7064981
36.8,1.5849199646077823,0.02666634679492054,0.03349507741180587,1.0,0.010869565217391304,3,0.0,1,raw_requests_attack_bot_mimicry,1790590941.7064981
37.4,1.584921317275512,0.026661214008126207,0.03342769402295497,1.0,0.0106951871657754,3,0.0,1,raw_requests_attack_bot_mimicry,1790590942.7064981
37.4,1.584921317275512,0.026708165804545086,0.03359001569226381,1.0,0.0106951871657754,3,0.0,1,raw_requests_attack_bot_mimicry,1790590943.7064981
36.8,1.5849199646077823,0.02706188712615133,0.03475790122331774,1.0,0.010869565217391304,3,0.0,1,raw_requests_attack_bot_mimicry,1790590944.7064981
36.6,1.584962500721156,0.02695000564659035,0.036785087408785486,1.0,0.01092896174863388,3,0.0,1,raw_requests_attack_bot_mimicry,1790590945.7064981
36.6,1.584962500721156,0.026910045644739172,0.03675921480075302,1.0,0.01092896174863388,3,0.0,1,raw_requests_attack_bot_mimicry,1790590946.7064981
36.6,1.584962500721156,0.027088148253304616,0.03700634732615628,1.0,0.01092896174863388,3,0.0,1,raw_requests_attack_bot_mimicry,1790590947.7064981
36.6,1.584962500721156,0.026859338466937725,0.03669715473162932,1.0,0.01092896174863388,3,0.0,1,raw_requests_attack_bot_mimicry,1790590948.7064981
37.2,1.584962500721156,0.026685257215757627,0.03625861773262625,1.0,0.010752688172043012,3,0.0,1,raw_requests_attack_bot_mimicry,1790590949.7064981
37.2,1.584962500721156,0.02675834217587033,0.03619590863654125,1.0,0.010752688172043012,3,0.0,1,raw_requests_attack_bot_mimicry,1790590950.7064981
37.2,1.584962500721156,0.026846404977746912,0.0362181984591285,1.0,0.010752688172043012,3,0.0,1,raw_requests_attack_bot_mimicry,1790590951.7064981
36.6,1.584962500721156,0.02676596746339903,0.0362088502222587,1.0,0.01092896174863388,3,0.0,1,raw_requests_attack_bot_mimicry,1790590952.7064981
37.2,1.584962500721156,0.02671312512578191,0.03606996653174683,1.0,0.010752688172043012,3,0.0,1,raw_requests_attack_bot_mimicry,1790590953.7064981
312.2,7.2183412673827645,0.0031911669633327387,0.004657855093540721,1.0,0.0006406149903907751,150,0.0,1,raw_requests_attack_get_flood_high,1790590769.229993
292.0,7.219047589548705,0.003419557934840139,0.0055114897765856305,1.0,0.0006849315068493151,150,0.0,1,raw_requests_attack_get_flood_high,1790590770.229993
288.4,7.217289917036982,0.0034674765913127446,0.006574958214864519,1.0,0.0006934812760055479,150,0.0,1,raw_requests_attack_get_flood_high,1790590771.229993
307.6,7.216289358505558,0.0032513510816347003,0.0058248796034573525,1.0,0.0006501950585175553,150,0.0,1,raw_requests_attack_get_flood_high,1790590772.229993
332.0,7.215803961017525,0.0029858253748033187,0.006054078260166045,1.0,0.0006024096385542169,150,0.0,1,raw_requests_attack_get_flood_high,1790590773.229993
330.2,7.216674026731814,0.003017457470749364,0.006381748767212559,1.0,0.0006056935190793458,150,0.0,1,raw_requests_attack_get_flood_high,1790590774.229993
341.0,7.217779459078069,0.0029231764621018242,0.006130278241407102,1.0,0.0005865102639296188,150,0.0,1,raw_requests_attack_get_flood_high,1790590775.229993
339.6,7.214537758728823,0.0029289196994491513,0.006083582229548912,1.0,0.0005889281507656066,150,0.0,1,raw_requests_attack_get_flood_high,1790590776.229993
328.6,7.216326668668903,0.003043532516721105,0.0066862666942802615,1.0,0.0006086427267194157,150,0.0,1,raw_requests_attack_get_flood_high,1790590777.229993
315.2,7.217597763102157,0.0031664061167883495,0.007206236778693443,1.0,0.0006345177664974619,150,0.0,1,raw_requests_attack_get_flood_high,1790590778.229993
309.4,7.217805123096666,0.0032230973397929796,0.007969239095524683,1.0,0.0006464124111182935,150,0.0,1,raw_requests_attack_get_flood_high,1790590779.229993
295.2,7.216452896872456,0.0033790006475933527,0.007689533135996857,1.0,0.0006775067750677507,150,0.0,1,raw_requests_attack_get_flood_high,1790590780.229993
314.6,7.219186751554476,0.003149242043191847,0.006731415536164703,1.0,0.0006357279084551812,150,0.0,1,raw_requests_attack_get_flood_high,1790590781.229993
321.4,7.219131045605662,0.003112826371103859,0.006430442801503348,1.0,0.0006222775357809583,150,0.0,1,raw_requests_attack_get_flood_high,1790590782.229993
329.0,7.218476079722801,0.0030356354086938566,0.006403256296849047,1.0,0.0006079027355623101,150,0.0,1,raw_requests_attack_get_flood_high,1790590783.229993
336.2,7.218491479872063,0.002974973973773775,0.005507122877235365,1.0,0.000594883997620464,150,0.0,1,raw_requests_attack_get_flood_high,1790590784.229993
339.4,7.215788194071843,0.0029436063091709927,0.0062499536874114385,1.0,0.0005892751915144372,150,0.0,1,raw_requests_attack_get_flood_high,1790590785.229993
316.4,7.215062555119864,0.0031416646895870088,0.0071516450431309015,1.0,0.0006321112515802782,150,0.0,1,raw_requests_attack_get_flood_high,1790590786.229993
305.2,7.215688112122893,0.0032775095642590133,0.007562556663086587,1.0,0.000655307994757536,150,0.0,1,raw_requests_attack_get_flood_high,1790590787.229993
309.2,7.21629676911421,0.003231748871047134,0.007333727326456646,1.0,0.000646830530401035,150,0.0,1,raw_requests_attack_get_flood_high,1790590788.229993
305.2,7.21630677645905,0.0032662755934918515,0.00738700060433682,1.0,0.000655307994757536,150,0.0,1,raw_requests_attack_get_flood_high,1790590789.229993
286.0,7.216061095098388,0.0034761877640549998,0.007907173041450525,1.0,0.0006993006993006993,150,0.0,1,raw_requests_attack_get_flood_high,1790590790.229993
291.4,7.216043089182492,0.0034318633459426546,0.008922734147926803,1.0,0.0006863417982155113,150,0.0,1,raw_requests_attack_get_flood_high,1790590791.229993
298.8,7.212412784463168,0.0033260198223934185,0.00856206102872123,1.0,0.0006693440428380187,150,0.0,1,raw_requests_attack_get_flood_high,1790590792.229993
289.2,7.213047740449581,0.0034556167760934797,0.008822567201441601,1.0,0.0006915629322268327,150,0.0,1,raw_requests_attack_get_flood_high,1790590793.229993
300.2,7.2149670355520374,0.003331159591674805,0.008592863930119887,1.0,0.0006662225183211193,150,0.0,1,raw_requests_attack_get_flood_high,1790590794.229993
321.6,7.213676229656418,0.0030946117346525638,0.007901777916237168,1.0,0.0006218905472636816,150,0.0,1,raw_requests_attack_get_flood_high,1790590795.229993
337.2,7.215597089898251,0.0029664418817627676,0.006282639272662649,1.0,0.0005931198102016608,150,0.0,1,raw_requests_attack_get_flood_high,1790590796.229993
331.4,7.2160139721548635,0.003008829510730246,0.006533650609508337,1.0,0.0006035003017501509,150,0.0,1,raw_requests_attack_get_flood_high,1790590797.229993
331.0,7.2147377348524335,0.003014113911694454,0.006455114545794435,1.0,0.0006042296072507553,150,0.0,1,raw_requests_attack_get_flood_high,1790590798.229993
342.6,7.2140640386645885,0.002913961900728885,0.006241043690971275,1.0,0.0005837711617046118,150,0.0,1,raw_requests_attack_get_flood_high,1790590799.229993
330.8,7.214896952658977,0.0030153202996135694,0.00683733190570487,1.0,0.0006045949214026602,150,0.0,1,raw_requests_attack_get_flood_high,1790590800.229993
319.6,7.214600310516443,0.003109487057030761,0.0071189331558328475,1.0,0.0006257822277847309,150,0.0,1,raw_requests_attack_get_flood_high,1790590801.229993
300.0,7.213105009994747,0.003311082313186411,0.008711373976448573,1.0,0.0006666666666666666,150,0.0,1,raw_requests_attack_get_flood_high,1790590802.229993
292.8,7.213489164136289,0.0034118987726822997,0.009097994854265788,1.0,0.0006830601092896175,150,0.0,1,raw_requests_attack_get_flood_high,1790590803.229993
280.4,7.216619323852708,0.003563796172050133,0.009527795967289518,1.0,0.0007132667617689016,150,0.0,1,raw_requests_attack_get_flood_high,1790590804.229993
256.6,5.630546605772913,0.0038981882160799737,0.0034794256205256287,1.0,0.000779423226812159,50,0.0,1,raw_requests_attack_get_flood_low,1790590713.8795621
252.0,5.630561209689374,0.0039674680890120426,0.0027376710242447374,1.0,0.0007936507936507937,50,0.0,1,raw_requests_attack_get_flood_low,1790590714.8795621
249.6,5.629966988381868,0.004007525700230358,0.0031802486022758335,1.0,0.0008012820512820513,50,0.0,1,raw_requests_attack_get_flood_low,1790590715.8795621
245.2,5.628610969018508,0.004079154072975626,0.003300343255172784,1.0,0.0008156606851549756,50,0.0,1,raw_requests_attack_get_flood_low,1790590716.8795621
231.2,5.627602475009269,0.004324145131296925,0.0037204560840477657,1.0,0.0008650519031141869,50,0.0,1,raw_requests_attack_get_flood_low,1790590717.8795621
231.2,5.62807510877047,0.0043283648305125055,0.004123939473093154,1.0,0.0008650519031141869,50,0.0,1,raw_requests_attack_get_flood_low,1790590718.8795621
240.8,5.628161861625295,0.004147298120005569,0.003993045935254801,1.0,0.0008305647840531562,50,0.0,1,raw_requests_attack_get_flood_low,1790590719.8795621
237.8,5.6279480302012095,0.004197487325379343,0.003956987093675645,1.0,0.0008410428931875525,50,0.0,1,raw_requests_attack_get_flood_low,1790590720.8795621
222.4,5.628174619120222,0.004497654689098671,0.004223527365255907,1.0,0.0008992805755395684,50,0.0,1,raw_requests_attack_get_flood_low,1790590721.8795621
232.0,5.627017180162799,0.004289655051836173,0.003985221529850513,1.0,0.0008620689655172414,50,0.0,1,raw_requests_attack_get_flood_low,1790590722.8795621
237.6,5.629586380942372,0.004209511402583263,0.003909868702355882,1.0,0.0008417508417508417,50,0.0,1,raw_requests_attack_get_flood_low,1790590723.8795621
236.0,5.629630204496016,0.004238204292769752,0.003967952065574393,1.0,0.000847457627118644,50,0.0,1,raw_requests_attack_get_flood_low,1790590724.8795621
233.8,5.633514609832826,0.004275203771787147,0.004037842345126457,1.0,0.000855431993156544,50,0.0,1,raw_requests_attack_get_flood_low,1790590725.8795621
231.6,5.632173916730594,0.004317707508519073,0.00416166977972625,1.0,0.0008635578583765112,50,0.0,1,raw_requests_attack_get_flood_low,1790590726.8795621
242.2,5.630534113201372,0.004122358511302097,0.003892693742108884,1.0,0.0008257638315441783,50,0.0,1,raw_requests_attack_get_flood_low,1790590727.8795621
234.6,5.631059213410318,0.004252965132937903,0.004064666806373113,1.0,0.0008525149190110827,50,0.0,1,raw_requests_attack_get_flood_low,1790590728.8795621
233.0,5.63081155563271,0.004292125759255845,0.00400957082617591,1.0,0.0008583690987124463,50,0.0,1,raw_requests_attack_get_flood_low,1790590729.8795621
223.0,5.630669310837544,0.004473401571304623,0.0043433588584623735,1.0,0.0008968609865470852,50,0.0,1,raw_requests_attack_get_flood_low,1790590730.8795621
225.0,5.62790235523027,0.004437208387775353,0.004283706674508393,1.0,0.0008888888888888889,50,0.0,1,raw_requests_attack_get_flood_low,1790590731.8795621
227.0,5.630121382027729,0.0043992741818571005,0.004241299942762958,1.0,0.000881057268722467,50,0.0,1,raw_requests_attack_get_flood_low,1790590732.8795621
236.2,5.626593050095262,0.004229470228744765,0.0038812998978175616,1.0,0.000846740050804403,50,0.0,1,raw_requests_attack_get_flood_low,1790590733.8795621
239.8,5.622930926250663,0.004157822796816818,0.003867684139627357,1.0,0.0008340283569641367,50,0.0,1,raw_requests_attack_get_flood_low,1790590734.8795621
252.2,5.628766588151728,0.0039668092651972695,0.0033797977759787777,1.0,0.0007930214115781126,50,0.0,1,raw_requests_attack_get_flood_low,1790590735.8795621
251.6,5.628439201767411,0.003977266681886611,0.003316384551071067,1.0,0.000794912559618442,50,0.0,1,raw_requests_attack_get_flood_low,1790590736.8795621
245.8,5.625449478922279,0.004070897444063367,0.0034694661717852337,1.0,0.0008136696501220504,50,0.0,1,raw_requests_attack_get_flood_low,1790590737.8795621
259.4,5.620704782824204,0.0038559135095572765,0.00325217887249117,1.0,0.0007710100231303007,50,0.0,1,raw_requests_attack_get_flood_low,1790590738.8795621
255.6,5.622561338770712,0.0039097189249801935,0.003266456135315546,1.0,0.000782472613458529,50,0.0,1,raw_requests_attack_get_flood_low,1790590739.8795621
267.8,5.624605282581114,0.003731926995007981,0.003157478432940803,1.0,0.0007468259895444362,50,0.0,1,raw_requests_attack_get_flood_low,1790590740.8795621
282.2,5.626786522643175,0.0035406439016896782,0.0029502269790443957,1.0,0.0007087172218284905,50,0.0,1,raw_requests_attack_get_flood_low,1790590741.8795621
275.2,5.626960180986722,0.0036354373585094106,0.003165100096498154,1.0,0.0007267441860465116,50,0.0,1,raw_requests_attack_get_flood_low,1790590742.8795621
273.0,5.62999235352141,0.003662477490489434,0.003169976526822467,1.0,0.0007326007326007326,50,0.0,1,raw_requests_attack_get_flood_low,1790590743.8795621
280.0,5.632036278843431,0.0035647718799037536,0.0029637715673735588,1.0,0.0007142857142857143,50,0.0,1,raw_requests_attack_get_flood_low,1790590744.8795621
275.8,5.630018592565679,0.003620549279477323,0.0031355895866951146,1.0,0.0007251631617113851,50,0.0,1,raw_requests_attack_get_flood_low,1790590745.8795621
282.6,5.62650676040718,0.0035399098909610393,0.002959807450964399,1.0,0.0007077140835102619,50,0.0,1,raw_requests_attack_get_flood_low,1790590746.8795621
288.8,5.625055908692091,0.003463917776518866,0.002699063262726571,1.0,0.0006925207756232687,50,0.0,1,raw_requests_attack_get_flood_low,1790590747.8795621
289.8,5.626744903098932,0.003443773774152303,0.002723570107186924,1.0,0.0006901311249137336,50,0.0,1,raw_requests_attack_get_flood_low,1790590748.8795621
96.4,1.9852760171060981,0.010242547413911245,0.023478018645656094,0.0,0.002074688796680498,4,1.0,1,raw_requests_attack_slow_post,1790590824.18179
92.4,1.9849575687770655,0.010640545677466404,0.02157542959266264,0.0,0.0021645021645021645,4,1.0,1,raw_requests_attack_slow_post,1790590825.18179
93.4,1.985225062911294,0.010661189136586988,0.021668708566997066,0.0,0.0021413276231263384,4,1.0,1,raw_requests_attack_slow_post,1790590826.18179
92.2,1.9849283183403597,0.010682191537774128,0.02115596536858002,0.0,0.0021691973969631237,4,1.0,1,raw_requests_attack_slow_post,1790590827.18179
93.4,1.983933737771823,0.010648879882092128,0.019552823348811258,0.0,0.0021413276231263384,4,1.0,1,raw_requests_attack_slow_post,1790590828.18179
92.8,1.9856995154045636,0.010717376519485376,0.018034244200654862,0.0,0.0021551724137931034,4,1.0,1,raw_requests_attack_slow_post,1790590829.18179
91.6,1.9859747208562863,0.010779709471654578,0.017387741648340532,0.0,0.002183406113537118,4,1.0,1,raw_requests_attack_slow_post,1790590830.18179
93.2,1.9839223929986325,0.010574343383953135,0.01760627077328758,0.0,0.002145922746781116,4,1.0,1,raw_requests_attack_slow_post,1790590831.18179
92.4,1.9856510105528091,0.010822890896083476,0.019047814019479622,0.0,0.0021645021645021645,4,1.0,1,raw_requests_attack_slow_post,1790590832.18179
92.8,1.9875719237477685,0.010652833057016328,0.019888406952094782,0.0,0.0021551724137931034,4,1.0,1,raw_requests_attack_slow_post,1790590833.18179
93.8,1.9834305881169423,0.010591659790430313,0.02029778231449716,0.0,0.0021321961620469083,4,1.0,1,raw_requests_attack_slow_post,1790590834.18179
99.0,1.9855484107654409,0.010112136481744558,0.019934549018804176,0.0,0.00202020202020202,4,1.0,1,raw_requests_attack_slow_post,1790590835.18179
98.8,1.9878089014219826,0.010040432637893646,0.019125988046255232,0.0,0.0020242914979757085,4,1.0,1,raw_requests_attack_slow_post,1790590836.18179
98.6,1.985274375652565,0.01009270573050026,0.01840784897757427,0.0,0.002028397565922921,4,1.0,1,raw_requests_attack_slow_post,1790590837.18179
99.2,1.985539646358677,0.009968882859355271,0.0181141589929326,0.0,0.0020161290322580645,4,1.0,1,raw_requests_attack_slow_post,1790590838.18179
98.8,1.9878089014219826,0.010121887160604914,0.019588152570178107,0.0,0.0020242914979757085,4,1.0,1,raw_requests_attack_slow_post,1790590839.18179
92.4,1.9849575687770655,0.010647590662031525,0.020652560724778786,0.0,0.0021645021645021645,4,1.0,1,raw_requests_attack_slow_post,1790590840.18179
93.6,1.984715457823162,0.01066354867988276,0.02063779956982628,0.0,0.002136752136752137,4,1.0,1,raw_requests_attack_slow_post,1790590841.18179
93.2,1.9844758493988377,0.010668438737110425,0.02024029282199628,0.0,0.002145922746781116,4,1.0,1,raw_requests_attack_slow_post,1790590842.18179
92.8,1.9844220503443784,0.010731382452385987,0.019585051579073486,0.0,0.0021551724137931034,4,1.0,1,raw_requests_attack_slow_post,1790590843.18179
93.6,1.984715457823162,0.010683419107114477,0.018606565987195997,0.0,0.002136752136752137,4,1.0,1,raw_requests_attack_slow_post,1790590844.18179
93.4,1.983933737771823,0.010669917507744655,0.018935445121316487,0.0,0.0021413276231263384,4,1.0,1,raw_requests_attack_slow_post,1790590845.18179
92.4,1.9849575687770655,0.010698232112892796,0.019564056611804007,0.0,0.0021645021645021645,4,1.0,1,raw_requests_attack_slow_post,1790590846.18179
93.4,1.9871340726302953,0.010702143922895833,0.02010405989483329,0.0,0.0021413276231263384,4,1.0,1,raw_requests_attack_slow_post,1790590847.18179
92.0,1.9854752972273344,0.010600296760176781,0.02054883972867674,0.0,0.002173913043478261,4,1.0,1,raw_requests_attack_slow_post,1790590848.18179
91.6,1.9859747208562868,0.010812861131630528,0.02201675206983815,0.0,0.002183406113537118,4,1.0,1,raw_requests_attack_slow_post,1790590849.18179
98.2,1.9896543102934836,0.01006312370300293,0.02072316111474694,0.0,0.002036659877800407,4,1.0,1,raw_requests_attack_slow_post,1790590850.18179
98.0,1.9897014224797434,0.010081012799939738,0.020596149931327908,0.0,0.0020408163265306124,4,1.0,1,raw_requests_attack_slow_post,1790590851.18179
98.0,1.9897014224797434,0.0101812246630772,0.02131725298543326,0.0,0.0020408163265306124,4,1.0,1,raw_requests_attack_slow_post,1790590852.18179
99.2,1.98899317036475,0.0100571820230195,0.02132838462825207,0.0,0.0020161290322580645,4,1.0,1,raw_requests_attack_slow_post,1790590853.18179
98.8,1.9887234469159625,0.010084756731261588,0.021030073979475882,0.0,0.0020242914979757085,4,1.0,1,raw_requests_attack_slow_post,1790590854.18179
92.2,1.9861915821090763,0.010734731218089228,0.022811076141887338,0.0,0.0021691973969631237,4,1.0,1,raw_requests_attack_slow_post,1790590855.18179
92.0,1.9854752972273344,0.010640941673893815,0.02410824414977332,0.0,0.002173913043478261,4,1.0,1,raw_requests_attack_slow_post,1790590856.18179
92.2,1.985496636121238,0.010851939864780592,0.024768061184780275,0.0,0.0021691973969631237,4,1.0,1,raw_requests_attack_slow_post,1790590857.18179
92.2,1.9861915821090763,0.010701403410538383,0.02381578843399011,0.0,0.0021691973969631237,4,1.0,1,raw_requests_attack_slow_post,1790590858.18179
92.2,1.985496636121238,0.010640787041705587,0.02295518369305139,0.0,0.0021691973969631237,4,1.0,1,raw_requests_attack_slow_post,1790590859.18179
93.4,1.9871340726302953,0.010617084769220311,0.02299449993586749,0.0,0.0021413276231263384,4,1.0,1,raw_requests_attack_slow_post,1790590860.18179
92.4,1.985497736129274,0.01073986278955952,0.022643982435223784,0.0,0.0021645021645021645,4,1.0,1,raw_requests_attack_slow_post,1790590861.18179
93.8,1.984140198523463,0.010590750437516432,0.02273176543612308,0.0,0.0021321961620469083,4,1.0,1,raw_requests_attack_slow_post,1790590862.18179
91.8,1.9847285590768253,0.010813994699169976,0.02365021837662902,0.0,0.002178649237472767,4,1.0,1,raw_requests_attack_slow_post,1790590863.18179
92.2,1.985496636121238,0.010664738779482635,0.02423285593539722,0.0,0.0021691973969631237,4,1.0,1,raw_requests_attack_slow_post,1790590864.18179
93.4,1.983933737771823,0.010658287695037448,0.02425527139664567,0.0,0.0021413276231263384,4,1.0,1,raw_requests_attack_slow_post,1790590865.18179
98.8,1.9868630326503172,0.010081952290409235,0.02356569645877246,0.0,0.0020242914979757085,4,1.0,1,raw_requests_attack_slow_post,1790590866.18179
98.2,1.987886723775265,0.0100763987521736,0.02337585534403077,0.0,0.002036659877800407,4,1.0,1,raw_requests_attack_slow_post,1790590867.18179
99.0,1.9894979905961914,0.010120006707998423,0.02304256123993803,0.0,0.00202020202020202,4,1.0,1,raw_requests_attack_slow_post,1790590868.18179
99.4,1.9885920914570216,0.009961223890704493,0.021999332887009365,0.0,0.002012072434607646,4,1.0,1,raw_requests_attack_slow_post,1790590869.18179
97.2,1.988590226418479,0.010251846018525744,0.022471260726372663,0.0,0.00205761316872428,4,1.0,1,raw_requests_attack_slow_post,1790590870.18179
92.6,1.987534971718047,0.010645229579050303,0.022509454203873843,0.0,0.0021598272138228943,4,1.0,1,raw_requests_attack_slow_post,1790590871.18179
92.6,1.9844051572927592,0.01071693009628362,0.022343277009347035,0.0,0.0021598272138228943,4,1.0,1,raw_requests_attack_slow_post,1790590872.18179
92.8,1.9851393074147623,0.010624675977307313,0.022596995207761917,0.0,0.0021551724137931034,4,1.0,1,raw_requests_attack_slow_post,1790590873.18179
93.0,1.9857470217638427,0.01059910603638353,0.023078084894847955,0.0,0.002150537634408602,4,1.0,1,raw_requests_attack_slow_post,1790590874.18179
94.4,1.985641087969764,0.01058732223105785,0.02283336816192976,0.0,0.00211864406779661,4,1.0,1,raw_requests_attack_slow_post,1790590875.18179
93.8,1.9847382230969703,0.010628520932971921,0.022367311297481436,0.0,0.0021321961620469083,4,1.0,1,raw_requests_attack_slow_post,1790590876.18179
93.4,1.9876684566061416,0.010728536245648953,0.0218924153352567,0.0,0.0021413276231263384,4,1.0,1,raw_requests_attack_slow_post,1790590877.18179
93.8,1.9840023208418807,0.010662531750833886,0.02126226096920075,0.0,0.0021321961620469083,4,1.0,1,raw_requests_attack_slow_post,1790590878.18179
